{"loss": 2.6773671913146972, "epoch": 0, "iteration": 400, "_timestamp": 1705506744.768373, "_runtime": 1709.9960360527039, "_step": 7, "_wandb": {"runtime": 1837}}