{"loss": 2.0527001678943635, "epoch": 0, "iteration": 560, "_timestamp": 1705508004.319683, "_runtime": 1115.5445320606232, "_step": 27, "_wandb": {"runtime": 1137}}